{"los": {"mean": 6.7272727272727275, "std": 7.136515004489128}, "age": {"mean": 62.03181818181818, "std": 14.958203148372414}, "gender_male": {"mean": 0.5045454545454545, "std": 0.5011195436332612}, "high_risk_discharge": {"mean": 0.17272727272727273, "std": 0.37887338179852437}, "prior_admissions": {"mean": 2.5136363636363637, "std": 3.5157565038132885}, "num_medications": {"mean": 70.75454545454545, "std": 63.435464831768854}, "num_diagnoses": {"mean": 16.98181818181818, "std": 9.352539096240115}, "num_abnormal_labs": {"mean": 125.08181818181818, "std": 184.63651230741016}}